week,average,var,std_dev
2000-01-01 00:00:00 UTC,34.738095238095241,771.36812090105548,27.773514737984737
2000-01-08 00:00:00 UTC,35.06547619047619,288.63640575990848,16.989302686099524
2000-01-15 00:00:00 UTC,32.80952380952381,223.18505845451952,14.939379453461898
2000-01-22 00:00:00 UTC,36.970238095238095,305.07096521243216,17.466280806526388
2000-01-29 00:00:00 UTC,33.672619047619051,284.23349729113204,16.859225880541846
2000-02-05 00:00:00 UTC,34.845238095238095,449.32919874536623,21.197386601781037
2000-02-12 00:00:00 UTC,35.946428571428569,393.296514114628,19.831704770761085
2000-02-19 00:00:00 UTC,41.988095238095241,519.64057599087516,22.795626246955251
2000-02-26 00:00:00 UTC,41.428571428571431,406.36612489307078,20.158524868974684
2000-03-04 00:00:00 UTC,38.708333333333336,426.56711576846277,20.653501295626917
2000-03-11 00:00:00 UTC,37.345238095238095,384.04776161961775,19.597136566846132
2000-03-18 00:00:00 UTC,45.261904761904759,902.61362988309179,30.043528918605613
2000-03-25 00:00:00 UTC,41.25595238095238,328.97002423723973,18.137530819746104
2000-04-01 00:00:00 UTC,44.25595238095238,527.24547333903558,22.961826437351093
2000-04-08 00:00:00 UTC,43.261904761904759,431.00883946392958,20.760752381932829
2000-04-15 00:00:00 UTC,45.904761904761905,417.93099515255221,20.44336066190078
2000-04-22 00:00:00 UTC,43.38095238095238,513.243227830054,22.654872055036066
2000-04-29 00:00:00 UTC,45.476190476190474,543.62817222697436,23.315835224734592
2000-05-06 00:00:00 UTC,50.160714285714285,1603.9440761334467,40.049270606759457
2000-05-13 00:00:00 UTC,49.672619047619051,458.40116196179065,21.410305041306408
2000-05-20 00:00:00 UTC,58.517857142857146,1000.8260265183922,31.635834531720388
2000-05-27 00:00:00 UTC,53.988095238095241,849.592671799258,29.147773016120084
2000-06-03 00:00:00 UTC,52.047619047619051,631.794126033647,25.135515233104872
2000-06-10 00:00:00 UTC,51.928571428571431,754.55774165953824,27.469214434700135
2000-06-17 00:00:00 UTC,53.166666666666664,764.23552894211571,27.644810162888
2000-06-24 00:00:00 UTC,49.113095238095241,590.23264185913888,24.294703987888777
2000-07-01 00:00:00 UTC,47.416666666666664,570.01696606786413,23.875028085174353
2000-07-08 00:00:00 UTC,54.476190476190474,836.56230396350122,28.92338679967305
2000-07-15 00:00:00 UTC,50.535714285714285,575.9029084687769,23.997977174519875
2000-07-22 00:00:00 UTC,49.857142857142854,620.11120615911022,24.902032169265027
2000-07-29 00:00:00 UTC,48.732142857142854,698.79608639863159,26.434751491145732
2000-08-05 00:00:00 UTC,48.125,599.34356287425146,24.481494294144944
2000-08-12 00:00:00 UTC,49.18452380952381,625.19329198745345,25.003865540900939
2000-08-19 00:00:00 UTC,50.220238095238095,699.0709652124325,26.439950174166981
2000-08-26 00:00:00 UTC,49.523809523809526,634.8377530652981,25.195986844442075
2000-09-02 00:00:00 UTC,55.285714285714285,1038.8160821214715,32.230669898738867
2000-09-09 00:00:00 UTC,49.24404761904762,678.52092244083292,26.048434164855916
2000-09-16 00:00:00 UTC,48.94047619047619,629.55332192757328,25.090901178067984
2000-09-23 00:00:00 UTC,57.613095238095241,1151.5440191046471,33.934407599141124
2000-09-30 00:00:00 UTC,49.351190476190474,619.55856144853124,24.890933318148825
2000-10-07 00:00:00 UTC,55.970238095238095,646.1009053321925,25.41851501036582
2000-10-14 00:00:00 UTC,54.107142857142854,684.57527801539754,26.164389502057897
2000-10-21 00:00:00 UTC,57.375,917.68488023952079,30.293314117797028
2000-10-28 00:00:00 UTC,58.625,1576.4273952095814,39.704249082555151
2000-11-04 00:00:00 UTC,60.452380952380949,803.62646136298861,28.348306146275981
2000-11-11 00:00:00 UTC,57.422619047619051,913.19158112346724,30.219059898075376
2000-11-18 00:00:00 UTC,59.595238095238095,1186.2184203022525,34.441521747772015
2000-11-25 00:00:00 UTC,66.672619047619051,1066.7125392072994,32.660565506544728
2000-12-02 00:00:00 UTC,69.321428571428569,1206.6625320787005,34.73704840769723
2000-12-09 00:00:00 UTC,63.720238095238095,1084.9691688052471,32.938870181067948
2000-12-16 00:00:00 UTC,56.31547619047619,777.36694468206406,27.881300986181834
2000-12-23 00:00:00 UTC,28.119760479041915,303.70846259288658,17.427233360257922
2000-12-30 00:00:00 UTC,50.196428571428569,962.20669375534658,31.019456696650032
2001-01-06 00:00:00 UTC,61.702380952380949,765.37197034502378,27.665356862781
2001-01-13 00:00:00 UTC,61.238095238095241,834.05075563159357,28.879936904910192
2001-01-20 00:00:00 UTC,65.946428571428569,1199.9551967493583,34.640369466120859
2001-01-27 00:00:00 UTC,63.68452380952381,757.7621542629023,27.527479983879786
2001-02-03 00:00:00 UTC,70.386904761904759,1165.8194682064434,34.144098585355032
2001-02-10 00:00:00 UTC,66.238095238095241,944.58967778728254,30.734177681976178
2001-02-17 00:00:00 UTC,70.8452380952381,1034.6585400627318,32.1661085626274
2001-02-24 00:00:00 UTC,69.56547619047619,1030.2950883946392,32.098210049699645
2001-03-03 00:00:00 UTC,71.9047619047619,1148.7573424579416,33.893322977511978
2001-03-10 00:00:00 UTC,71.56547619047619,1103.0974836042203,33.212911399096292
2001-03-17 00:00:00 UTC,68.083333333333329,1109.5618762475051,33.310086704292814
2001-03-24 00:00:00 UTC,68.053571428571431,882.45819076133489,29.706197850976064
2001-03-31 00:00:00 UTC,66.5952380952381,799.99087539207312,28.284109945198438
2001-04-07 00:00:00 UTC,74.547619047619051,1239.9019104647853,35.212240917964671
2001-04-14 00:00:00 UTC,77.482142857142861,1100.9218349016246,33.180142177236441
2001-04-21 00:00:00 UTC,75.071428571428569,1096.7014542343886,33.116483119956875
2001-04-28 00:00:00 UTC,69.31547619047619,1271.426824921585,35.657072579245551
2001-05-05 00:00:00 UTC,81.86904761904762,1467.9468206444244,38.313794130109649
2001-05-12 00:00:00 UTC,78.035714285714292,1425.7232677502134,37.758750876455295
2001-05-19 00:00:00 UTC,74.702380952380949,1021.0126889078987,31.953289171975687
2001-05-26 00:00:00 UTC,71.476190476190482,1236.1431422868545,35.15882737360355
2001-06-02 00:00:00 UTC,82.386904761904759,1842.657791559737,42.926190042440723
2001-06-09 00:00:00 UTC,86.422619047619051,1460.2095451953237,38.212688274908423
2001-06-16 00:00:00 UTC,79.363095238095241,1204.6398274878807,34.707921682058128
2001-06-23 00:00:00 UTC,79.047619047619051,1009.2072996863415,31.768023225979004
2001-06-30 00:00:00 UTC,71.726190476190482,1070.4994297120052,32.718487582894248
2001-07-07 00:00:00 UTC,78.410714285714292,1268.4231180496156,35.614928303305845
2001-07-14 00:00:00 UTC,83.833333333333329,1432.2475049900197,37.845045976851708
2001-07-21 00:00:00 UTC,76.357142857142861,1312.7579127459351,36.232001224689967
2001-07-28 00:00:00 UTC,76.089285714285708,1142.2494653550036,33.797181322634046
2001-08-04 00:00:00 UTC,83.136904761904759,1675.2086897633292,40.929313331197349
2001-08-11 00:00:00 UTC,80.726190476190482,1152.2599087539211,33.944954098568481
2001-08-18 00:00:00 UTC,86.5,1335.2215568862266,36.54068358537134
2001-08-25 00:00:00 UTC,92.083333333333329,1970.5798403193603,44.391213548621984
2001-09-01 00:00:00 UTC,79.410714285714292,1030.7584473909326,32.105427070682808
2001-09-08 00:00:00 UTC,76.238095238095241,1181.0208155118332,34.365983406732788
2001-09-15 00:00:00 UTC,79.68452380952381,1279.6064656401486,35.771587407328582
2001-09-22 00:00:00 UTC,87.017857142857139,1517.0236313088108,38.948987551781251
2001-09-29 00:00:00 UTC,85.13095238095238,1521.6953236384372,39.008913387050882
2001-10-06 00:00:00 UTC,91.625,1864.343562874252,43.17804491722908
2001-10-13 00:00:00 UTC,104.17857142857143,2036.4709153122324,45.127274627571211
2001-10-20 00:00:00 UTC,100.30952380952381,1612.478471628172,40.1556779500505
2001-10-27 00:00:00 UTC,95.767857142857139,1890.3230325064167,43.477845306620438
2001-11-03 00:00:00 UTC,92.7797619047619,1489.9332406615354,38.599653374888426
2001-11-10 00:00:00 UTC,99.86904761904762,2082.7971200456232,45.637672158487916
2001-11-17 00:00:00 UTC,89.80952380952381,1514.4066153407471,38.915377620431066
2001-11-24 00:00:00 UTC,101.04166666666667,1796.0641217564867,42.379996717277912
2001-12-01 00:00:00 UTC,100.41071428571429,1976.1835970915304,44.454286599736704
2001-12-08 00:00:00 UTC,94.7202380952381,1756.8015041345884,41.914216014791315
2001-12-15 00:00:00 UTC,96.93452380952381,1899.2112560593093,43.579940982742386
2001-12-22 00:00:00 UTC,54.952380952380949,782.97975477616171,27.981775404290588
2001-12-29 00:00:00 UTC,76.172619047619051,1539.4490661534071,39.235813565585808
2002-01-05 00:00:00 UTC,97.25595238095238,2050.814335614486,45.285917630257707
2002-01-12 00:00:00 UTC,95.50595238095238,1877.784395494725,43.333409691538527
2002-01-19 00:00:00 UTC,94.589285714285708,1177.6925791274605,34.317525830506206
2002-01-26 00:00:00 UTC,95.666666666666671,1246.6067864271461,35.307319162280592
2002-02-02 00:00:00 UTC,102.14285714285714,1358.7818648417442,36.861658465697715
2002-02-09 00:00:00 UTC,105.08333333333333,1519.11876247505,38.975874107902314
2002-02-16 00:00:00 UTC,104.93452380952381,1650.6124536641003,40.627730107207569
2002-02-23 00:00:00 UTC,110.52380952380952,2027.2688907898487,45.025202840074456
2002-03-02 00:00:00 UTC,107.17857142857143,1675.3212147134291,40.930687933547233
2002-03-09 00:00:00 UTC,105.08333333333333,1317.8253493013967,36.301864267574423
2002-03-16 00:00:00 UTC,106.26190476190476,1622.2543484459652,40.277218727786618
2002-03-23 00:00:00 UTC,99.238095238095241,1742.4938694040488,41.7431894972587
2002-03-30 00:00:00 UTC,94.56547619047619,1647.4328129455378,40.588579834056006
2002-04-06 00:00:00 UTC,109.63690476190476,1356.9272526375817,36.8364934899833
2002-04-13 00:00:00 UTC,113.5297619047619,1792.9092885657258,42.342759576646934
2002-04-20 00:00:00 UTC,105.29166666666667,1515.5731037924143,38.9303622355664
2002-04-27 00:00:00 UTC,102.41071428571429,1668.2075491873393,40.843696566145177
2002-05-04 00:00:00 UTC,103.45238095238095,1371.0635871114907,37.027875811494923
2002-05-11 00:00:00 UTC,105.35119047619048,1840.2531722269741,42.89817213153696
2002-05-18 00:00:00 UTC,106.75595238095238,1692.0059523809516,41.133999956009042
2002-05-25 00:00:00 UTC,112.57738095238095,1842.9760122611915,42.929896485563432
2002-06-01 00:00:00 UTC,109.47619047619048,1689.47248360422,41.103193107156777
2002-06-08 00:00:00 UTC,118.58928571428571,1872.638686911891,43.273995504366027
2002-06-15 00:00:00 UTC,114.03571428571429,2004.9328485885362,44.776476509307166
2002-06-22 00:00:00 UTC,104.58928571428571,1793.7165312232671,42.352290743515482
2002-06-29 00:00:00 UTC,103.5,2896.74251497006,53.821394584031914
2002-07-06 00:00:00 UTC,102.54166666666667,1801.6749001995997,42.446141169717649
2002-07-13 00:00:00 UTC,112.69642857142857,2540.9312446535487,50.407650655962421
2002-07-20 00:00:00 UTC,107.08928571428571,1685.4590461933265,41.054342598479472
2002-07-27 00:00:00 UTC,110.60119047619048,1826.792094382663,42.740988458184525
2002-08-03 00:00:00 UTC,115.64285714285714,1805.8357570573135,42.495126274166
2002-08-10 00:00:00 UTC,111.64880952380952,2216.3370045623037,47.077988535644806
2002-08-17 00:00:00 UTC,113.67261904761905,1928.0059523809523,43.909064581028737
2002-08-24 00:00:00 UTC,131.77380952380952,3629.8646991730811,60.248358476999861
2002-08-31 00:00:00 UTC,109.9047619047619,1971.5357855717141,44.401979523121646
2002-09-07 00:00:00 UTC,116.17261904761905,2983.9520601653826,54.625562332715468
2002-09-14 00:00:00 UTC,119.68452380952381,2188.7920943826625,46.784528365504151
2002-09-21 00:00:00 UTC,114.88095238095238,1845.4108925007124,42.9582459197383
2002-09-28 00:00:00 UTC,111.54761904761905,1254.4288565725692,35.417917168751877
2002-10-05 00:00:00 UTC,111.64880952380952,1517.9777231251753,38.961233593473082
2002-10-12 00:00:00 UTC,121.16071428571429,1910.6147348160821,43.7105792093411
2002-10-19 00:00:00 UTC,120.3452380952381,2230.8262047333897,47.231622931394064
2002-10-26 00:00:00 UTC,124.42261904761905,2240.4011619617904,47.332876121801327
2002-11-02 00:00:00 UTC,125.01785714285714,2037.526625320786,45.138970140232331
2002-11-09 00:00:00 UTC,117.07142857142857,2042.006843455946,45.188569831938096
2002-11-16 00:00:00 UTC,122.38095238095238,2267.9617907043039,47.623122437575468
2002-11-23 00:00:00 UTC,116.0952380952381,3300.1226119190187,57.446693655240239
2002-11-30 00:00:00 UTC,128.75595238095238,2312.7005631593961,48.090545465396794
2002-12-07 00:00:00 UTC,129.26785714285714,2604.9757271171929,51.038962833478436
2002-12-14 00:00:00 UTC,114.25,1563.9970059880222,39.547402013128782
2002-12-21 00:00:00 UTC,77.5297619047619,965.687731679498,31.075516595537042
2002-12-28 00:00:00 UTC,102.80357142857143,1670.1108853721137,40.86699016776393
2003-01-04 00:00:00 UTC,140.5,2607.79640718563,51.066587972818688
2003-01-11 00:00:00 UTC,135.80357142857142,2269.6078913601373,47.64040188075807
2003-01-18 00:00:00 UTC,135.01190476190476,2424.5747077274009,49.239970630854373
2003-01-25 00:00:00 UTC,127.79166666666667,2112.8964570858279,45.966253459313258
2003-02-01 00:00:00 UTC,3077.4166666666665,66476570.927145734,8153.3165599739677
2003-02-08 00:00:00 UTC,138.89285714285714,5228.048331907612,72.305244152188664
2003-02-15 00:00:00 UTC,132.7202380952381,2397.23264185914,48.961542478348662
2003-02-22 00:00:00 UTC,137.63095238095238,3115.5635871114919,55.817233782331883
2003-03-01 00:00:00 UTC,133.99404761904762,2883.730503279156,53.700377124180015
2003-03-08 00:00:00 UTC,129.5595238095238,2785.1581123467367,52.774597225812506
2003-03-15 00:00:00 UTC,127.76785714285714,2977.9158468776732,54.570283551376875
2003-03-22 00:00:00 UTC,122.78571428571429,2335.35500427716,48.325510905495449
2003-03-29 00:00:00 UTC,131.35714285714286,3376.3387510692896,58.106271185383164
2003-04-05 00:00:00 UTC,128.99404761904762,2648.2933775306519,51.46157185250614
2003-04-12 00:00:00 UTC,132.38095238095238,5545.3510122611915,74.4671136291799
2003-04-19 00:00:00 UTC,127.92857142857143,4288.0667236954623,65.483331647797684
2003-04-26 00:00:00 UTC,127.1547619047619,3373.5806957513514,58.082533482548364
2003-05-03 00:00:00 UTC,122.46428571428571,2122.741231822069,46.07321599174589
2003-05-10 00:00:00 UTC,123.13690476190476,2775.5440191046468,52.68343211204683
2003-05-17 00:00:00 UTC,128.54761904761904,2301.7701739378381,47.97676702256873
2003-05-24 00:00:00 UTC,135.33928571428572,3385.4590461933262,58.184697697876942
2003-05-31 00:00:00 UTC,140.25595238095238,3075.2814014827477,55.455219785722136
2003-06-07 00:00:00 UTC,140.57738095238096,3763.1317008839455,61.344369757003335
2003-06-14 00:00:00 UTC,126.48214285714286,2020.8859067579133,44.954264611468325
2003-06-21 00:00:00 UTC,122.55952380952381,1701.6611063587109,41.251195211274919
2003-06-28 00:00:00 UTC,121.8452380952381,3235.9998574280012,56.885849360170418
2003-07-05 00:00:00 UTC,134.32738095238096,2368.7484673510121,48.669790089448838
2003-07-12 00:00:00 UTC,127.44047619047619,2772.1880524664966,52.651572174689107
2003-07-19 00:00:00 UTC,122.92261904761905,2862.2035571713709,53.499565953111912
2003-07-26 00:00:00 UTC,127.9047619047619,2089.4519532363834,45.710523440848753
2003-08-02 00:00:00 UTC,125.01785714285714,2214.628421727974,47.059838734615042
2003-08-09 00:00:00 UTC,126.99404761904762,2666.8203236384375,51.641265705232648
2003-08-16 00:00:00 UTC,135.0595238095238,2325.5772740233811,48.224239486210472
2003-08-23 00:00:00 UTC,143.27380952380952,3228.9784716281688,56.824101151079979
2003-08-30 00:00:00 UTC,145.54761904761904,2815.0276589677783,53.056834234316867
2003-09-06 00:00:00 UTC,142.0654761904762,3633.3070644425397,60.276919832076189
2003-09-13 00:00:00 UTC,132.67261904761904,2230.37720986598,47.226869575126194
2003-09-20 00:00:00 UTC,138.51190476190476,2368.3830909609337,48.666036318575749
2003-09-27 00:00:00 UTC,136.48809523809524,2648.4788993441675,51.463374348600261
2003-10-04 00:00:00 UTC,140.32738095238096,3277.2634374108925,57.247388040074739
2003-10-11 00:00:00 UTC,144.70238095238096,2874.0067008839474,53.609763111619394
2003-10-18 00:00:00 UTC,138.64285714285714,2838.027373823782,53.273139327655379
2003-10-25 00:00:00 UTC,134.3154761904762,2527.857962646136,50.277807854421575
2003-11-01 00:00:00 UTC,132.92261904761904,2910.5748146564015,53.949743416038608
2003-11-08 00:00:00 UTC,139.4047619047619,2573.5238095238092,50.729910403270075
2003-11-15 00:00:00 UTC,139.14285714285714,3422.9734816082132,58.506183276711987
2003-11-22 00:00:00 UTC,134.38690476190476,3000.2625819788996,54.77465273261803
2003-11-29 00:00:00 UTC,133.6547619047619,2649.8321927573425,51.476520791107689
2003-12-06 00:00:00 UTC,130.78571428571428,2446.6603934987179,49.463728059040577
2003-12-13 00:00:00 UTC,132.27380952380952,2944.1281722269737,54.259820974888719
2003-12-20 00:00:00 UTC,87.922619047619051,1512.1556529797538,38.886445620289777
2003-12-27 00:00:00 UTC,107.35714285714286,4448.7339606501282,66.698830279474379
2004-01-03 00:00:00 UTC,158.76190476190476,4253.5357855717175,65.219136651535933
2004-01-10 00:00:00 UTC,166.60714285714286,2994.7668947818656,54.724463403325075
2004-01-17 00:00:00 UTC,155.39285714285714,6056.2040205303656,77.821616666131817
2004-01-24 00:00:00 UTC,159.92857142857142,4126.2703165098383,64.2360515326856
2004-01-31 00:00:00 UTC,170.16666666666666,4625.241516966069,68.0091281885459
2004-02-07 00:00:00 UTC,159.20238095238096,3454.0426290276582,58.771103690739537
2004-02-14 00:00:00 UTC,164.07738095238096,3804.0837966923268,61.677255100177135
2004-02-21 00:00:00 UTC,176.5,5691.7365269461106,75.443598316531208
2004-02-28 00:00:00 UTC,160.39880952380952,3152.0855075563168,56.143436905450642
2004-03-06 00:00:00 UTC,164.11309523809524,3688.2805460507566,60.73121558186331
2004-03-13 00:00:00 UTC,165.14880952380952,4483.3010764185938,66.9574572129094
2004-03-20 00:00:00 UTC,157.79166666666666,3451.866516966069,58.752587321462443
2004-03-27 00:00:00 UTC,156.04166666666666,4874.4473552894233,69.817242535704764
2004-04-03 00:00:00 UTC,139.89285714285714,3172.9345594525248,56.328807545096538
2004-04-10 00:00:00 UTC,158.32738095238096,4725.8861919019055,68.745081219690945
2004-04-17 00:00:00 UTC,157.86904761904762,4043.9827487881394,63.592316743362474
2004-04-24 00:00:00 UTC,160.27380952380952,3667.1461362988284,60.5569660427174
2004-05-01 00:00:00 UTC,155.85119047619048,4157.1094596521225,64.475650129735968
2004-05-08 00:00:00 UTC,159.25595238095238,5459.0897847162805,73.885653443116283
2004-05-15 00:00:00 UTC,152.63690476190476,4335.9092885657255,65.847621738113858
2004-05-22 00:00:00 UTC,156.4404761904762,3877.5892500712853,62.270291873985023
2004-05-29 00:00:00 UTC,165.63095238095238,6886.3779583689784,82.984203065215837
2004-06-05 00:00:00 UTC,149.4702380952381,3480.1667735956639,58.99293833668284
2004-06-12 00:00:00 UTC,151.36904761904762,3935.9827487881407,62.737411078144916
2004-06-19 00:00:00 UTC,158.25595238095238,4107.6646350156852,64.091065173046431
2004-06-26 00:00:00 UTC,148.80357142857142,3428.44621471343,58.552935150284569
2004-07-03 00:00:00 UTC,146.04166666666666,4282.7707085828342,65.442881267429186
2004-07-10 00:00:00 UTC,157.04761904761904,4509.5785571713732,67.153395723309274
2004-07-17 00:00:00 UTC,153.58928571428572,3650.4470701454252,60.41892973353157
2004-07-24 00:00:00 UTC,148.5595238095238,4232.5233818078132,65.057846427681667
2004-07-31 00:00:00 UTC,168.23214285714286,6820.9817151411444,82.589234862306029
2004-08-07 00:00:00 UTC,158.95833333333334,4068.5431636726539,63.785132779297825
2004-08-14 00:00:00 UTC,160.25595238095238,4183.8083475905341,64.682365043267666
2004-08-21 00:00:00 UTC,183.82738095238096,7500.982000285142,86.608209774161381
2004-08-28 00:00:00 UTC,155.72619047619048,3478.4515255203864,58.978398804311283
2004-09-04 00:00:00 UTC,173.76190476190476,7042.2783005417714,83.918283469943376
2004-09-11 00:00:00 UTC,165.67857142857142,4572.1715141146233,67.6178342903307
2004-09-18 00:00:00 UTC,178.04166666666666,11360.219810379243,106.58433191787263
2004-09-25 00:00:00 UTC,161.48809523809524,3910.1196179070412,62.530949280392676
2004-10-02 00:00:00 UTC,171.14880952380952,6077.6962859994264,77.959581104566141
2004-10-09 00:00:00 UTC,167.66666666666666,4276.259481037926,65.393114936038387
2004-10-16 00:00:00 UTC,186.6845238095238,6528.732214143145,80.800570630058957
2004-10-23 00:00:00 UTC,173.79166666666666,4817.6749001996041,69.409472697893364
2004-10-30 00:00:00 UTC,170.96428571428572,4399.7591958939265,66.330680653027571
2004-11-06 00:00:00 UTC,176.98809523809524,5295.6525520387768,72.771234372097723
2004-11-13 00:00:00 UTC,189.82142857142858,5436.0996578271961,73.72991019814954
2004-11-20 00:00:00 UTC,177,5037.7005988023948,70.976760977114154
2004-11-27 00:00:00 UTC,161.75,3511.3383233532936,59.256546670838773
2004-12-04 00:00:00 UTC,164.45833333333334,3321.9024451097785,57.635947507695043
2004-12-11 00:00:00 UTC,161.86904761904762,3516.6174793270611,59.301074858109118
2004-12-18 00:00:00 UTC,146.24404761904762,3691.3951739378381,60.756852896918865
2004-12-25 00:00:00 UTC,117.32142857142857,3438.3391787852847,58.63735310180094
2005-01-01 00:00:00 UTC,178.23214285714286,7449.3649486740833,86.309703676203654
2005-01-08 00:00:00 UTC,198.63095238095238,6172.0785571713695,78.562577332794845
2005-01-15 00:00:00 UTC,194.5952380952381,6277.3082406615322,79.229465735050439
2005-01-22 00:00:00 UTC,188.3452380952381,5963.88009694896,77.226161998049335
2005-01-29 00:00:00 UTC,197.22619047619048,5707.7209865982331,75.549460531483831
2005-02-05 00:00:00 UTC,195.74404761904762,5023.0418805246627,70.873421538152527
2005-02-12 00:00:00 UTC,201.83928571428572,6627.40515397776,81.4088763832161
2005-02-19 00:00:00 UTC,193.83928571428572,6023.5847946963213,77.61175680717659
2005-02-26 00:00:00 UTC,190.4047619047619,5897.8351867693154,76.797364451973976
2005-03-05 00:00:00 UTC,213.42261904761904,7708.4490661534082,87.79777369702154
2005-03-12 00:00:00 UTC,199.625,5542.7267964071871,74.449491579239051
2005-03-19 00:00:00 UTC,200.82738095238096,6798.2155332192724,82.45129188326446
2005-03-26 00:00:00 UTC,200.5297619047619,6764.77755203878,82.248267775308079
2005-04-02 00:00:00 UTC,197.22619047619048,6123.3018249215847,78.251529217783244
2005-04-09 00:00:00 UTC,193.48809523809524,5902.4190191046509,76.827202338134441
2005-04-16 00:00:00 UTC,193.71428571428572,5594.6124893070973,74.797142253612179
2005-04-23 00:00:00 UTC,195,11221.065868263471,105.9295325594495
2005-04-30 00:00:00 UTC,184.83333333333334,4907.9001996008019,70.056407270147687
2005-05-07 00:00:00 UTC,204.89285714285714,5949.18605645851,77.1309669099157
2005-05-14 00:00:00 UTC,204.86309523809524,7007.5559951525556,83.711146182288985
2005-05-21 00:00:00 UTC,191.3154761904762,9282.6364057599058,96.346439507435377
2005-05-28 00:00:00 UTC,179.45833333333334,5280.6569361277443,72.6681287506961
2005-06-04 00:00:00 UTC,202.58333333333334,5906.1367265469089,76.8513937840226
2005-06-11 00:00:00 UTC,197.64285714285714,6818.9136013686948,82.576713432835859
2005-06-18 00:00:00 UTC,186.9702380952381,5672.5440191046509,75.316293184839168
2005-06-25 00:00:00 UTC,182.27380952380952,5426.0443398916423,73.6616884132562
2005-07-02 00:00:00 UTC,199.45238095238096,6652.64442543485,81.56374455255748
2005-07-09 00:00:00 UTC,190.41071428571428,6739.9919803250614,82.097454164700267
2005-07-16 00:00:00 UTC,211.23809523809524,7163.1525520387768,84.635409563839033
2005-07-23 00:00:00 UTC,196.92857142857142,6846.8212147134291,82.745520813597082
2005-07-30 00:00:00 UTC,179.1547619047619,5148.7423723980592,71.754737630333921
2005-08-06 00:00:00 UTC,195.51785714285714,6505.4487810094079,80.656362309550062
2005-08-13 00:00:00 UTC,194.66071428571428,5332.8243156544013,73.026189245053729
2005-08-20 00:00:00 UTC,197.76190476190476,6458.25434844596,80.363264919028524
2005-08-27 00:00:00 UTC,204.5654761904762,6748.7861063587143,82.15099577216769
2005-09-03 00:00:00 UTC,331.53571428571428,69782.1783575705,264.16316616358631
2005-09-10 00:00:00 UTC,196.39285714285714,5565.37767322498,74.6014589215585
2005-09-17 00:00:00 UTC,198.625,6825.36152694611,82.615746240932239
2005-09-24 00:00:00 UTC,202.50595238095238,6394.011940404901,79.96256586931726
2005-10-01 00:00:00 UTC,195.14285714285714,5664.6501283148027,75.263870006230761
2005-10-08 00:00:00 UTC,205.63690476190476,6058.4003065297975,77.835726414865547
2005-10-15 00:00:00 UTC,216.23214285714286,7525.1134516680986,86.747411786566275
2005-10-22 00:00:00 UTC,226.01190476190476,8317.7004562303937,91.201427928681
2005-10-29 00:00:00 UTC,218.36309523809524,8883.118869404052,94.2502990414569
2005-11-05 00:00:00 UTC,230.7202380952381,10178.885336469924,100.89046206886916
2005-11-12 00:00:00 UTC,221.48214285714286,6655.6284217279781,81.582034920244411
2005-11-19 00:00:00 UTC,191.19642857142858,4869.8114841745055,69.784034593698479
2005-11-26 00:00:00 UTC,206.11309523809524,5871.5380310806959,76.625961860721176
2005-12-03 00:00:00 UTC,213.5952380952381,6669.4998574279962,81.667005929126574
2005-12-10 00:00:00 UTC,211.49404761904762,9612.2634374108911,98.042151329980982
2005-12-17 00:00:00 UTC,186.2797619047619,4729.2685700028524,68.769677693027262
2005-12-24 00:00:00 UTC,148.375,4193.85254491018,64.759960970573317
2005-12-31 00:00:00 UTC,205.75,10194.080838323347,100.96574091405137
2006-01-07 00:00:00 UTC,261.8095238095238,9979.60422013117,99.897969049081127
2006-01-14 00:00:00 UTC,258.63690476190476,10815.849408326201,103.99927599904819
2006-01-21 00:00:00 UTC,236.9404761904762,8032.7748788137969,89.625748972121826
2006-01-28 00:00:00 UTC,247.64880952380952,10522.456765041343,102.57902692578705
2006-02-04 00:00:00 UTC,240.82738095238096,8260.0598445965261,90.8848713736039
2006-02-11 00:00:00 UTC,241.45238095238096,8692.8001140575961,93.235187102604115
2006-02-18 00:00:00 UTC,244.95238095238096,8518.2372398060961,92.294296897512012
2006-02-25 00:00:00 UTC,250.20238095238096,9341.3959224408336,96.650897163145018
2006-03-04 00:00:00 UTC,247.11904761904762,9412.5845451953264,97.018475277626
2006-03-11 00:00:00 UTC,242.26785714285714,8257.15536783576,90.868891089501915
2006-03-18 00:00:00 UTC,257.625,12799.613023952093,113.13537476824874
2006-03-25 00:00:00 UTC,252.79761904761904,10925.5875392073,104.52553534523179
2006-04-01 00:00:00 UTC,250.92857142857142,10769.000855431996,103.7737965742412
2006-04-08 00:00:00 UTC,263.60714285714283,12183.186056458515,110.37747078302942
2006-04-15 00:00:00 UTC,249.16071428571428,11607.429106073574,107.73777938157801
2006-04-22 00:00:00 UTC,256.4345238095238,11587.756166238956,107.64644056465107
2006-04-29 00:00:00 UTC,255.9404761904762,10652.2239806102,103.20961186154224
2006-05-06 00:00:00 UTC,236.125,10841.523203592804,104.122635404569
2006-05-13 00:00:00 UTC,246.64880952380952,8725.043591388654,93.407941800409318
2006-05-20 00:00:00 UTC,246.26785714285714,9684.0176432848657,98.407406445271519
2006-05-27 00:00:00 UTC,250.10119047619048,9297.73221414314,96.424748971118092
2006-06-03 00:00:00 UTC,240.45238095238096,9473.5186769318516,97.332002326736557
2006-06-10 00:00:00 UTC,234.11904761904762,11449.123467351012,107.00057694868291
2006-06-17 00:00:00 UTC,272.39880952380952,17699.16335186769,133.03820260311582
2006-06-24 00:00:00 UTC,242.26785714285714,10162.9877031651,100.81164468038948
2006-07-01 00:00:00 UTC,248.42261904761904,11903.862239806102,109.1048222573416
2006-07-08 00:00:00 UTC,258.4345238095238,24859.732214143147,157.66969339141605
2006-07-15 00:00:00 UTC,237.78571428571428,10166.360992301104,100.82837394454552
2006-07-22 00:00:00 UTC,244.625,9139.32559880239,95.599820077249049
2006-07-29 00:00:00 UTC,249.6547619047619,11217.856144853149,105.91438119940629
2006-08-05 00:00:00 UTC,237.33928571428572,8973.4350940975219,94.72821698996303
2006-08-12 00:00:00 UTC,260.01785714285717,12683.16734388365,112.61956909828615
2006-08-19 00:00:00 UTC,257.01785714285717,10770.688301967488,103.78192666340074
2006-08-26 00:00:00 UTC,262.97023809523807,10538.759587966926,102.65846086887785
2006-09-02 00:00:00 UTC,249.5297619047619,9323.1727616196167,96.556578033915514
2006-09-09 00:00:00 UTC,245.39880952380952,9861.1873039635029,99.30351103542867
2006-09-16 00:00:00 UTC,304.17857142857144,11671.920017108638,108.03666052367889
2006-09-23 00:00:00 UTC,287.66071428571428,15049.710543199313,122.67726172033395
2006-09-30 00:00:00 UTC,278.625,13520.116017964072,116.27603372133086
2006-10-07 00:00:00 UTC,291.46428571428572,15644.513686911887,125.07803039267883
2006-10-14 00:00:00 UTC,284.67261904761904,13222.41313800969,114.98875222390097
2006-10-21 00:00:00 UTC,268.20833333333331,13577.195858283434,116.52122492611994
2006-10-28 00:00:00 UTC,267.35714285714283,10176.374679213,100.8780188109035
2006-11-04 00:00:00 UTC,272.86309523809524,12965.496114913027,113.86613243152253
2006-11-11 00:00:00 UTC,278.40476190476193,11288.49386940405,106.24732405761591
2006-11-18 00:00:00 UTC,260.02380952380952,12009.292842885648,109.58691912306709
2006-11-25 00:00:00 UTC,291.11904761904759,15288.021670943817,123.64473976253021
2006-12-02 00:00:00 UTC,298.97023809523807,16644.711683775295,129.01438556911123
2006-12-09 00:00:00 UTC,286.03571428571428,14991.699315654407,122.44059504777984
2006-12-16 00:00:00 UTC,271.3154761904762,10776.229220131168,103.80861823630622
2006-12-23 00:00:00 UTC,178.19642857142858,5300.2306458511548,72.80268295778086
2006-12-30 00:00:00 UTC,251.58928571428572,15614.758447390941,124.95902707444125
2007-01-06 00:00:00 UTC,313.04166666666669,18563.800648702578,136.24903907441907
2007-01-13 00:00:00 UTC,307.67857142857144,13548.734388366123,116.39903087382697
2007-01-20 00:00:00 UTC,305.02976190476193,13073.190725691455,114.33805458241562
2007-01-27 00:00:00 UTC,302.79761904761904,14358.641431422862,119.82754871657377
2007-02-03 00:00:00 UTC,323.38690476190476,16764.70569575136,129.47859165032403
2007-02-10 00:00:00 UTC,315.04761904761904,15010.452808668379,122.51715312015855
2007-02-17 00:00:00 UTC,310.58333333333331,12746.052894211582,112.89841847524518
2007-02-24 00:00:00 UTC,327.10714285714283,16933.808810949511,130.12996891934429
2007-03-03 00:00:00 UTC,306.20833333333331,13859.626996007984,117.72691704112523
2007-03-10 00:00:00 UTC,298.96428571428572,16240.226261762193,127.43714631834077
2007-03-17 00:00:00 UTC,309.8154761904762,18164.810058454525,134.77688992722204
2007-03-24 00:00:00 UTC,320.54166666666669,15292.992265469053,123.66483843627118
2007-03-31 00:00:00 UTC,305.66071428571428,13625.71054319931,116.72921889226926
2007-04-07 00:00:00 UTC,297.0654761904762,16656.70826204733,129.06087037536719
2007-04-14 00:00:00 UTC,316.58928571428572,15096.974016253205,122.86974410428796
2007-04-21 00:00:00 UTC,320.75595238095241,16394.377209865961,128.04052955945613
2007-04-28 00:00:00 UTC,311.67261904761904,14041.622718848019,118.4973532145255
2007-05-05 00:00:00 UTC,335.29761904761904,24245.288138009691,155.70898541192057
2007-05-12 00:00:00 UTC,323.59523809523807,15388.445965212437,124.05017519218761
2007-05-19 00:00:00 UTC,332.97619047619048,18909.24493869405,137.510890254896
2007-05-26 00:00:00 UTC,316.07738095238096,15975.84427573424,126.39558645670441
2007-06-02 00:00:00 UTC,337.1904761904762,16107.891645280848,126.91686903355617
2007-06-09 00:00:00 UTC,336.25,20782.511976047903,144.16140945498523
2007-06-16 00:00:00 UTC,336.65476190476193,18395.58069575136,135.63030891268869
2007-06-23 00:00:00 UTC,343.35714285714283,26042.278870829756,161.37620292605027
2007-06-30 00:00:00 UTC,341.65476190476193,33222.5387795837,182.27050990103609
2007-07-07 00:00:00 UTC,355.82142857142856,19810.602651839192,140.7501426352357
2007-07-14 00:00:00 UTC,350.53571428571428,21853.435842600516,147.82907644506381
2007-07-21 00:00:00 UTC,334.36309523809524,19824.340426290277,140.79893616888685
2007-07-28 00:00:00 UTC,343.07738095238096,18696.467030225271,136.73502488472099
2007-08-04 00:00:00 UTC,321.47619047619048,17185.053321927571,131.0917744251239
2007-08-11 00:00:00 UTC,332.69642857142856,15862.835436270329,125.9477488336744
2007-08-18 00:00:00 UTC,348.49404761904759,17236.131700883943,131.28644903752993
2007-08-25 00:00:00 UTC,357.1845238095238,22201.684309951521,149.00229632442421
2007-09-01 00:00:00 UTC,334.34523809523807,19044.526803535817,138.00190869526341
2007-09-08 00:00:00 UTC,355.4345238095238,20799.851974622175,144.22153783198326
2007-09-15 00:00:00 UTC,355.20833333333331,17054.046157684636,130.59114119144772
2007-09-22 00:00:00 UTC,351.4404761904762,21929.28984887369,148.08541403147606
2007-09-29 00:00:00 UTC,336.69642857142856,21609.434238665512,147.00147699484353
2007-10-06 00:00:00 UTC,489.83928571428572,581966.14766894828,762.8670576640128
2007-10-13 00:00:00 UTC,383.90476190476193,27570.0986598232,166.04246041245958
2007-10-20 00:00:00 UTC,357.67857142857144,19216.961933276292,138.62525719823316
2007-10-27 00:00:00 UTC,361.70238095238096,24646.114485315069,156.99081019382973
2007-11-03 00:00:00 UTC,364.50595238095241,20768.083796692317,144.11135901341129
2007-11-10 00:00:00 UTC,364.9404761904762,19075.433561448543,138.11384275824253
2007-11-17 00:00:00 UTC,377.96428571428572,48170.202309666391,219.4771111293075
2007-11-24 00:00:00 UTC,376.92261904761904,23711.257449386943,153.98460133853303
2007-12-01 00:00:00 UTC,384.1845238095238,20842.534609352711,144.36943793390867
2007-12-08 00:00:00 UTC,375.10119047619048,24278.53460935273,155.81570719716524
2007-12-15 00:00:00 UTC,366.04166666666669,22887.716816367269,151.28686927941655
2007-12-22 00:00:00 UTC,230.86904761904762,9310.6893356144883,96.491913317202332
2007-12-29 00:00:00 UTC,307.16071428571428,18925.74048331907,137.57085622805096
2008-01-05 00:00:00 UTC,385.10714285714283,19731.820786997447,140.4699995977698
2008-01-12 00:00:00 UTC,397.10119047619048,23218.462753065305,152.37605702033804
2008-01-19 00:00:00 UTC,384.85714285714283,23469.416595380651,153.19731262453871
2008-01-26 00:00:00 UTC,423.58333333333331,42160.879241516974,205.33114532753422
2008-02-02 00:00:00 UTC,410.80357142857144,27184.625855431997,164.87760871456135
2008-02-09 00:00:00 UTC,410.52380952380952,25160.059309951532,158.61922742830242
2008-02-16 00:00:00 UTC,417,27135.389221556856,164.72822836890117
2008-02-23 00:00:00 UTC,420.08333333333331,31048.448103792445,176.20569827276429
2008-03-01 00:00:00 UTC,439.16071428571428,33562.89018391788,183.20177451083239
2008-03-08 00:00:00 UTC,443.91071428571428,36372.201561163412,190.71497466419206
2008-03-15 00:00:00 UTC,417.88690476190476,29399.609887368111,171.4631443995126
2008-03-22 00:00:00 UTC,418.64880952380952,32274.851974622186,179.65203025466255
2008-03-29 00:00:00 UTC,430.04166666666669,30983.345558882214,176.02086682800484
2008-04-05 00:00:00 UTC,556.10119047619048,161190.17532791564,401.48496276687081
2008-04-12 00:00:00 UTC,444.04166666666669,40866.698852295391,202.15513560702678
2008-04-19 00:00:00 UTC,429.64285714285717,45662.338751069285,213.68747916307424
2008-04-26 00:00:00 UTC,386.61309523809524,24749.029049044784,157.31824131055109
2008-05-03 00:00:00 UTC,403.64880952380952,28054.684309951543,167.49532623315656
2008-05-10 00:00:00 UTC,408.53571428571428,28580.298118049595,169.05708538257011
2008-05-17 00:00:00 UTC,444.04166666666669,31892.351546906186,178.58429815329842
2008-05-24 00:00:00 UTC,422.63690476190476,30859.11886940405,175.66763751301505
2008-05-31 00:00:00 UTC,428.51785714285717,30037.688301967504,173.31384336505698
2008-06-07 00:00:00 UTC,442.52380952380952,32270.729968634154,179.64055769406349
2008-06-14 00:00:00 UTC,440.35714285714283,34562.003421727983,185.90858888638789
2008-06-21 00:00:00 UTC,433.5654761904762,33815.468741089244,183.88982772597632
2008-06-28 00:00:00 UTC,419.8154761904762,28923.612453664075,170.06943421339437
2008-07-05 00:00:00 UTC,449.33333333333331,46893.576846307362,216.54924808529665
2008-07-12 00:00:00 UTC,443.52380952380952,47940.454519532366,218.95308748572688
2008-07-19 00:00:00 UTC,451.92261904761904,37642.81433561445,194.0175619257557
2008-07-26 00:00:00 UTC,457.88690476190476,40518.100905332161,201.29108501205948
2008-08-02 00:00:00 UTC,458.85119047619048,36036.486705161071,189.8327861702532
2008-08-09 00:00:00 UTC,443.11904761904759,35295.255203877947,187.8703148554288
2008-08-16 00:00:00 UTC,449.36309523809524,35930.160785571723,189.55252777415478
2008-08-23 00:00:00 UTC,483.67857142857144,41948.914029084684,204.81434038925275
2008-08-30 00:00:00 UTC,457.03571428571428,34781.052609067563,186.49678980901405
2008-09-06 00:00:00 UTC,472.63095238095241,37652.509694895889,194.04254609465391
2008-09-13 00:00:00 UTC,457.98809523809524,34289.329198745407,185.1737810780603
2008-09-20 00:00:00 UTC,462.84523809523807,41808.454947248363,204.47115920649631
2008-09-27 00:00:00 UTC,443.07738095238096,32516.023916452788,180.32200064454915
2008-10-04 00:00:00 UTC,469.88095238095241,34994.2851439977,187.06759512004666
2008-10-11 00:00:00 UTC,485.97023809523807,40873.478150841176,202.17190247618777
2008-10-18 00:00:00 UTC,491.17261904761904,40524.5867907043,201.30719507932224
2008-10-25 00:00:00 UTC,487.09523809523807,43960.817222697478,209.66835055081032
2008-11-01 00:00:00 UTC,492.42261904761904,46546.700563159357,215.74684369222962
2008-11-08 00:00:00 UTC,511.47619047619048,50073.137154262913,223.77027763816827
2008-11-15 00:00:00 UTC,531.09523809523807,50705.416025092629,225.17863136872609
2008-11-22 00:00:00 UTC,484.8095238095238,34324.5742800114,185.2689242156153
2008-11-29 00:00:00 UTC,508.03571428571428,41276.369974337096,203.16586813324992
2008-12-06 00:00:00 UTC,522.27380952380952,42765.26589677787,206.79764480471692
2008-12-13 00:00:00 UTC,519.26190476190482,37776.469917308226,194.36169868908902
2008-12-20 00:00:00 UTC,371.45833333333331,24029.722804391207,155.01523410423638
2008-12-27 00:00:00 UTC,371.10714285714283,25769.80881094954,160.52977546533086
2009-01-03 00:00:00 UTC,549.202380952381,62738.653407470723,250.47685203920685
2009-01-10 00:00:00 UTC,549.98214285714289,55138.029619332752,234.81488372616576
2009-01-17 00:00:00 UTC,563.48214285714289,51107.424828913558,226.06951326729919
2009-01-24 00:00:00 UTC,589.97619047619048,66235.939549472474,257.36343864168521
2009-01-31 00:00:00 UTC,574.47023809523807,50664.705695751356,225.08821758535331
2009-02-07 00:00:00 UTC,585.50595238095241,63437.2694254349,251.86756326576651
2009-02-14 00:00:00 UTC,606.26190476190482,62237.176504134557,249.47379923377636
2009-02-21 00:00:00 UTC,622.19047619047615,61766.729968634165,248.5291330380287
2009-02-28 00:00:00 UTC,628.47023809523807,68372.51407898491,261.481383809603
2009-03-07 00:00:00 UTC,606.67857142857144,60614.195466210433,246.1995033833546
2009-03-14 00:00:00 UTC,623.97619047619048,67421.232962646114,259.65598965293697
2009-03-21 00:00:00 UTC,617.77380952380952,81727.229968634172,285.87974739151105
2009-03-28 00:00:00 UTC,620.47023809523807,94210.478150841154,306.937254419924
2009-04-04 00:00:00 UTC,597.68452380952385,75566.277124322733,274.89321040055307
2009-04-11 00:00:00 UTC,562.99404761904759,59780.940084117457,244.50141121089149
2009-04-18 00:00:00 UTC,595.60714285714289,56683.221984602169,238.08238486835216
2009-04-25 00:00:00 UTC,577.27380952380952,55444.726974622186,235.46704010247842
2009-05-02 00:00:00 UTC,588.36904761904759,53203.467778728242,230.65876913468571
2009-05-09 00:00:00 UTC,586.38690476190482,68517.651803535715,261.75876643110871
2009-05-16 00:00:00 UTC,591.07142857142856,59913.168520102714,244.77166608924063
2009-05-23 00:00:00 UTC,576.27380952380952,52874.51140575992,229.94458333642027
2009-05-30 00:00:00 UTC,590.66666666666663,63847.181636726542,252.67999848964411
2009-06-06 00:00:00 UTC,609.03571428571433,61331.076561163391,247.65111863499303
2009-06-13 00:00:00 UTC,628.80952380952385,72101.232962646129,268.51672752855848
2009-06-20 00:00:00 UTC,634.38690476190482,188153.52006700888,433.76666546313686
2009-06-27 00:00:00 UTC,577.672619047619,59926.987988309054,244.79989376694806
2009-07-04 00:00:00 UTC,593.91071428571433,65137.159644995729,255.21982612053424
2009-07-11 00:00:00 UTC,586.63690476190482,50597.382342457953,224.93861905519461
2009-07-18 00:00:00 UTC,610.97023809523807,64929.801504134593,254.81326791227846
2009-07-25 00:00:00 UTC,611.36904761904759,49498.449814656364,222.48247080310927
2009-08-01 00:00:00 UTC,602.89880952380952,59223.983711149092,243.35978244391387
2009-08-08 00:00:00 UTC,636.172619047619,76949.01792842889,277.39685998300143
2009-08-15 00:00:00 UTC,624.31547619047615,60694.420836897647,246.36237707267244
2009-08-22 00:00:00 UTC,655.71428571428567,86453.8100940975,294.03028771556427
2009-08-29 00:00:00 UTC,638.08928571428567,63854.117728828067,252.69372316863763
2009-09-05 00:00:00 UTC,634.18452380952385,102231.36095665811,319.736392918695
2009-09-12 00:00:00 UTC,629.89285714285711,75115.497433704018,274.07206613170928
2009-09-19 00:00:00 UTC,641.60119047619048,78089.0196392929,279.4441261492052
2009-09-26 00:00:00 UTC,658.797619047619,79290.090533219278,281.58496148271
2009-10-03 00:00:00 UTC,653.74404761904759,70792.562838608515,266.06871826392614
2009-10-10 00:00:00 UTC,660.14880952380952,61934.893890789863,248.86722140689776
2009-10-17 00:00:00 UTC,667.48214285714289,65575.867942686134,256.077855236813
2009-10-24 00:00:00 UTC,666.172619047619,79094.934096093551,281.23821592396285
2009-10-31 00:00:00 UTC,673.68452380952385,76159.45077701741,275.97001789509204
2009-11-07 00:00:00 UTC,694.70833333333337,76642.71082834329,276.84419955697695
2009-11-14 00:00:00 UTC,699.01190476190482,72823.9160250927,269.85906696846911
2009-11-21 00:00:00 UTC,647.44047619047615,61396.88266324492,247.78394351378969
2009-11-28 00:00:00 UTC,708.202380952381,90388.713287710285,300.64715745822423
2009-12-05 00:00:00 UTC,694.70833333333337,72314.5192115769,268.9135906040766
2009-12-12 00:00:00 UTC,689.10714285714289,67675.904619332723,260.14592946908226
2009-12-19 00:00:00 UTC,532.20833333333337,51164.764720558873,226.19629687631686
2009-12-26 00:00:00 UTC,508.8095238095238,194485.999429712,441.0056682512278
2010-01-02 00:00:00 UTC,684.84523809523807,73398.706444254392,270.92195637167248
2010-01-09 00:00:00 UTC,757.60714285714289,88980.695038494421,298.29632085980279
2010-01-16 00:00:00 UTC,727.90476190476193,66982.110635871126,258.8090234823182
2010-01-23 00:00:00 UTC,747.27380952380952,80756.2239806102,284.17639588926136
2010-01-30 00:00:00 UTC,759.11904761904759,89864.65640148276,299.77434246693423
2010-02-06 00:00:00 UTC,774.59523809523807,98567.8351867693,313.9551483679943
2010-02-13 00:00:00 UTC,777.5,98424.766467065871,313.727216650175
2010-02-20 00:00:00 UTC,818.13095238095241,114986.33005417731,339.09634332174284
2010-02-27 00:00:00 UTC,822.35714285714289,104172.94952951242,322.75834540645485
2010-03-06 00:00:00 UTC,777.5,85548.550898203641,292.48683884613274
2010-03-13 00:00:00 UTC,761.94047619047615,103777.32577701741,322.14488320787808
2010-03-20 00:00:00 UTC,763.02380952380952,102020.39463929278,319.40631590388563
2010-03-27 00:00:00 UTC,737.06547619047615,83357.486705161136,288.71696643107265
2010-04-03 00:00:00 UTC,726.15476190476193,85375.904049044737,292.19155369217083
2010-04-10 00:00:00 UTC,743.95833333333337,83498.842564870283,288.96166279434073
2010-04-17 00:00:00 UTC,737.82142857142856,95448.159538066742,308.9468555238372
2010-04-24 00:00:00 UTC,751.27380952380952,94684.3916452808,307.70828985466221
2010-05-01 00:00:00 UTC,743.64880952380952,80227.331016538388,283.24429564695276
2010-05-08 00:00:00 UTC,775.27976190476193,172156.28653407484,414.91720443249255
2010-05-15 00:00:00 UTC,805.97619047619048,100203.91559737665,316.55002068768948
2010-05-22 00:00:00 UTC,775.05357142857144,104894.73363986306,323.87456466950761
2010-05-29 00:00:00 UTC,747.73214285714289,105892.01764328479,325.41053708090766
2010-06-05 00:00:00 UTC,746.44642857142856,92357.278550042771,303.90340332092825
2010-06-12 00:00:00 UTC,742.32142857142856,96179.7763045337,310.12864476622229
2010-06-19 00:00:00 UTC,742.45833333333337,85438.11801397214,292.29799522742564
2010-06-26 00:00:00 UTC,721.11904761904759,93418.548617051551,305.64448075673073
2010-07-03 00:00:00 UTC,699.422619047619,90795.5508625606,301.32300088536323
2010-07-10 00:00:00 UTC,734.53571428571433,91092.64542343888,301.81558181021552
2010-07-17 00:00:00 UTC,785.64880952380952,115047.94179498147,339.18717811111532
2010-07-24 00:00:00 UTC,796.86309523809518,113153.6398274879,336.38317411471087
2010-07-31 00:00:00 UTC,775.13095238095241,106541.87496435703,326.40752896395793
2010-08-07 00:00:00 UTC,802.89880952380952,114187.82802252637,337.916895142173
2010-08-14 00:00:00 UTC,860.577380952381,304850.22152124316,552.13243114423483
2010-08-21 00:00:00 UTC,839.76785714285711,111754.95776304528,334.29770828267021
2010-08-28 00:00:00 UTC,819.24404761904759,103770.6167308241,322.13446995132966
2010-09-04 00:00:00 UTC,810.30952380952385,117682.44254348447,343.0487465994949
2010-09-11 00:00:00 UTC,827.57142857142856,123824.77331052179,351.88744409330917
2010-09-18 00:00:00 UTC,825.73809523809518,109199.2842885657,330.453149914728
2010-09-25 00:00:00 UTC,835.24404761904759,111760.78439549469,334.30642290493716
2010-10-02 00:00:00 UTC,832.77976190476193,126066.93922868556,355.05906442264723
2010-10-09 00:00:00 UTC,836.01785714285711,109237.94578699737,330.51164243789867
2010-10-16 00:00:00 UTC,885.077380952381,121755.84427573417,348.93530098821208
2010-10-23 00:00:00 UTC,871.25,115802.11676646715,340.29710073179751
2010-10-30 00:00:00 UTC,863.52380952380952,135857.999429712,368.58920145564764
2010-11-06 00:00:00 UTC,850.43452380952385,108907.04957941249,330.01068100807356
2010-11-13 00:00:00 UTC,873.672619047619,115382.26942543477,339.67965706741222
2010-11-20 00:00:00 UTC,833.34523809523807,110047.65255203879,331.73431018216792
2010-11-27 00:00:00 UTC,876.26785714285711,133384.66434987177,365.21865279565304
2010-12-04 00:00:00 UTC,853.55357142857144,119016.24860992306,344.98731659283226
2010-12-11 00:00:00 UTC,845.30357142857144,121304.75160393512,348.28831677783154
2010-12-18 00:00:00 UTC,767.17857142857144,115826.2433704021,340.33254820895706
2010-12-25 00:00:00 UTC,578.27976190476193,58428.250605931,241.71936332435391
2011-01-01 00:00:00 UTC,791.98809523809518,129981.46093527228,360.52941757264728
2011-01-08 00:00:00 UTC,910.80952380952385,126963.30481893358,356.319105324053
2011-01-15 00:00:00 UTC,916.97619047619048,121733.50841174791,348.90329378174107
2011-01-22 00:00:00 UTC,940.18452380952385,130136.60646564025,360.74451688922488
2011-01-29 00:00:00 UTC,952.68452380952385,151075.77413031083,388.68467184893058
2011-02-05 00:00:00 UTC,983.65476190476193,150505.64057599084,387.95056460326339
2011-02-12 00:00:00 UTC,995.827380952381,143922.33529369821,379.37097318284407
2011-02-19 00:00:00 UTC,1009.077380952381,148365.52092244077,385.18245147259859
2011-02-26 00:00:00 UTC,991.81547619047615,136416.24718420304,369.34570145624144
2011-03-05 00:00:00 UTC,1002.7797619047619,176367.92126461366,419.96180929295662
2011-03-12 00:00:00 UTC,991.91666666666663,174422.46007984038,417.63915055923621
2011-03-19 00:00:00 UTC,1002.2678571428571,171227.04758340458,413.79590087796254
2011-03-26 00:00:00 UTC,1004.6488095238095,163490.67233390373,404.33979810785843
2011-04-02 00:00:00 UTC,977.32142857142856,165662.243370402,407.01626917164134
2011-04-09 00:00:00 UTC,964.76785714285711,147950.07153550055,384.64278432787552
2011-04-16 00:00:00 UTC,926.10714285714289,109196.63515825494,330.44914156077778
2011-04-23 00:00:00 UTC,920.38095238095241,166744.88394639303,408.34407543931997
2011-04-30 00:00:00 UTC,964.172619047619,189889.10176076405,435.76266678177473
2011-05-07 00:00:00 UTC,968.05952380952385,158188.15212432283,397.728741888643
2011-05-14 00:00:00 UTC,1030.4583333333333,183036.44136726556,427.82758369145108
2011-05-21 00:00:00 UTC,1023.0238095238095,178220.10721414312,422.1612336704344
2011-05-28 00:00:00 UTC,911.09523809523807,137757.12859994304,371.15647454940489
2011-06-04 00:00:00 UTC,959.19642857142856,150997.58393926432,388.58407576644765
2011-06-11 00:00:00 UTC,992.08928571428567,252404.58479469625,502.39883040737288
2011-06-18 00:00:00 UTC,1012.5833333333334,157963.21457085831,397.44586369826305
2011-06-25 00:00:00 UTC,982.24404761904759,158853.38319789,398.5641519227363
2011-07-02 00:00:00 UTC,981.88095238095241,189611.68634160253,435.44424022095245
2011-07-09 00:00:00 UTC,983.49404761904759,153078.71852723119,391.25275529666396
2011-07-16 00:00:00 UTC,962.27976190476193,168320.05898916451,410.26827684962984
2011-07-23 00:00:00 UTC,989.44047619047615,176204.15212432286,419.76678301685911
2011-07-30 00:00:00 UTC,975.80952380952385,159743.85571713708,399.67969139942187
2011-08-06 00:00:00 UTC,978.40476190476193,154280.60165383527,392.78569430904082
2011-08-13 00:00:00 UTC,963.48809523809518,145774.68249215855,381.8045082135078
2011-08-20 00:00:00 UTC,1018.9702380952381,181793.86138437412,426.37291352098589
2011-08-27 00:00:00 UTC,1017.5357142857143,188822.33404619314,434.53691908305461
2011-09-03 00:00:00 UTC,987.047619047619,149292.14143142282,386.38341246930207
2011-09-10 00:00:00 UTC,1004.6666666666666,154198.90618762482,392.68168557703939
2011-09-17 00:00:00 UTC,1035.2142857142858,164967.42686056462,406.16182348980635
2011-09-24 00:00:00 UTC,1012.7202380952381,169478.16677359567,411.677260452403
2011-10-01 00:00:00 UTC,1019.4880952380952,185517.40105503291,430.71730990875318
2011-10-08 00:00:00 UTC,995.71428571428567,158877.95380667236,398.59497463800562
2011-10-15 00:00:00 UTC,1028.9880952380952,171877.84416880517,414.58152897687705
2011-10-22 00:00:00 UTC,1054.4107142857142,178111.10575278004,422.03211459885375
2011-10-29 00:00:00 UTC,1040.8928571428571,209410.03635585963,457.61341365377353
2011-11-05 00:00:00 UTC,1120.4166666666667,242332.50798403192,492.27279833851463
2011-11-12 00:00:00 UTC,1080.1904761904761,190837.48445965216,436.84949863729059
2011-11-19 00:00:00 UTC,1017.0357142857143,168666.11847733115,410.68980810014165
2011-11-26 00:00:00 UTC,1134.8690476190477,312820.7492158541,559.303807617876
2011-12-03 00:00:00 UTC,1079.2142857142858,182326.95979469627,426.99761099413223
2011-12-10 00:00:00 UTC,1103.202380952381,205092.19831765033,452.87106147075718
2011-12-17 00:00:00 UTC,1023.1011904761905,156869.10945965225,396.06705172186724
2011-12-24 00:00:00 UTC,710.63690476190482,79603.298510122535,282.14056516233632
2011-12-31 00:00:00 UTC,987.11904761904759,272212.42885657254,521.73980953783132
2012-01-07 00:00:00 UTC,1168.8869047619048,209546.87934844597,457.76290735319083
2012-01-14 00:00:00 UTC,1157.952380952381,201206.11747932693,448.56004891132125
2012-01-21 00:00:00 UTC,1210.9285714285713,224338.12660393515,473.64345936995176
2012-01-28 00:00:00 UTC,1412.4940476190477,465418.02391645277,682.21552600073
2012-02-04 00:00:00 UTC,1264.8511904761904,260824.91784288548,510.71020926048215
2012-02-11 00:00:00 UTC,1277.5238095238096,240933.47248360419,490.84974532294927
2012-02-18 00:00:00 UTC,1325.6130952380952,274987.52006700885,524.39252480084883
2012-02-25 00:00:00 UTC,1349.0595238095239,263631.27787282568,513.45036553967486
2012-03-03 00:00:00 UTC,1339.1011904761904,262495.40886084992,512.34305778535725
2012-03-10 00:00:00 UTC,1344.0595238095239,293292.0323638437,541.56443048250844
2012-03-17 00:00:00 UTC,1350.625,411657.54116766452,641.60544041308174
2012-03-24 00:00:00 UTC,1315.0297619047619,240861.17874964367,490.77609838870887
2012-03-31 00:00:00 UTC,1255.7321428571429,259754.18530795537,509.66085322295982
2012-04-07 00:00:00 UTC,1239.1666666666667,256174.77445109782,506.13711032792077
2012-04-14 00:00:00 UTC,1285.7202380952381,240511.13683347587,490.4193479395729
2012-04-21 00:00:00 UTC,1314.6130952380952,246899.19671371544,496.88952163807545
2012-04-28 00:00:00 UTC,1239.8571428571429,231547.95551753658,481.19430121057815
2012-05-05 00:00:00 UTC,1327.4166666666667,313633.93313373235,560.030296621292
2012-05-12 00:00:00 UTC,1279.7916666666667,267519.06412175659,517.22245129320959
2012-05-19 00:00:00 UTC,1318.4404761904761,349591.90062731679,591.26297078991581
2012-05-26 00:00:00 UTC,1245.2797619047619,271777.68773167953,521.32301669088
2012-06-02 00:00:00 UTC,1278.5416666666667,258074.09406187607,508.00993500312183
2012-06-09 00:00:00 UTC,1295.0297619047619,316359.81348018249,562.45872157891063
2012-06-16 00:00:00 UTC,1266.797619047619,292026.234245794,540.39451722403146
2012-06-23 00:00:00 UTC,1323.0297619047619,334518.04102509265,578.37534614218532
2012-06-30 00:00:00 UTC,1237.5892857142858,280397.28539349878,529.5255285569325
2012-07-07 00:00:00 UTC,1379.6904761904761,414897.32877102913,644.12524307857177
2012-07-14 00:00:00 UTC,1332.4107142857142,298668.73449529486,546.50593271738126
2012-07-21 00:00:00 UTC,1333.6428571428571,359230.06330196734,599.35804266061814
2012-07-28 00:00:00 UTC,1333.3392857142858,321565.61473481613,567.06755746984516
2012-08-04 00:00:00 UTC,1321.6011904761904,280466.87592671823,529.59123475253841
2012-08-11 00:00:00 UTC,1327.0714285714287,300732.0906757912,548.39045458121461
2012-08-18 00:00:00 UTC,1401.4880952380952,315761.23339036223,561.92635940162324
2012-08-25 00:00:00 UTC,1360.4464285714287,354276.70369974326,595.21147813171683
2012-09-01 00:00:00 UTC,1331.047619047619,290801.23125178233,539.25989212232571
2012-09-08 00:00:00 UTC,1438.1428571428571,402316.49443969177,634.2842378931482
2012-09-15 00:00:00 UTC,1397.7380952380952,373502.46991730784,611.14848434509588
2012-09-22 00:00:00 UTC,1415.5119047619048,331469.50883946393,575.733887173114
2012-09-29 00:00:00 UTC,1432.202380952381,478416.61747932731,691.67667119784176
2012-10-06 00:00:00 UTC,1477.8452380952381,410833.92800114065,640.9632813204986
2012-10-13 00:00:00 UTC,1455.2559523809523,338299.89217992581,581.63553208166866
2012-10-20 00:00:00 UTC,1415.547619047619,334924.71628172218,578.72680625811881
2012-10-27 00:00:00 UTC,1406.0297619047619,388342.50809096085,623.17133124924874
2012-11-03 00:00:00 UTC,1469.8333333333333,355445.08582834341,596.19215512143683
2012-11-10 00:00:00 UTC,1489.3690476190477,338192.21029369882,581.5429565334781
2012-11-17 00:00:00 UTC,1399.0595238095239,331067.24194468209,575.38442970303083
2012-11-24 00:00:00 UTC,1507.7142857142858,391378.4568006841,625.60247505958932
2012-12-01 00:00:00 UTC,1517.8511904761904,391512.21125605935,625.70936644424569
2012-12-08 00:00:00 UTC,1596.6845238095239,495651.30706444266,704.02507559350659
2012-12-15 00:00:00 UTC,1489.1428571428571,368403.45252352447,606.96248032602841
2012-12-22 00:00:00 UTC,964.85714285714289,115232.92557741659,339.45975546066813
2012-12-29 00:00:00 UTC,1253.5892857142858,369792.45904619346,608.10563148699214
2013-01-05 00:00:00 UTC,1644.6190476190477,584790.12945537514,764.71571806480813
2013-01-12 00:00:00 UTC,1689.3452380952381,414271.98788137996,643.63964132220758
2013-01-19 00:00:00 UTC,1707.1785714285713,427199.6086398632,653.60508614901642
2013-01-26 00:00:00 UTC,1771.547619047619,403182.34502423776,634.96641251662891
2013-02-02 00:00:00 UTC,1782.7440476190477,535852.68259908725,732.01959167708571
2013-02-09 00:00:00 UTC,1754.1785714285713,462342.97390932433,679.9580677580966
2013-02-16 00:00:00 UTC,1864.7202380952381,551610.44222269778,742.70481499899927
2013-02-23 00:00:00 UTC,1866.4940476190477,473005.99996435741,687.75431657268234
2013-03-02 00:00:00 UTC,1845.8392857142858,449922.506950385,670.76263085415314
2013-03-09 00:00:00 UTC,1912.7261904761904,914936.487453665,956.52312436953923
2013-03-16 00:00:00 UTC,1850.3214285714287,568206.26732249779,753.79457899516478
2013-03-23 00:00:00 UTC,1855.1904761904761,636572.03535785608,797.85464550747338
2013-03-30 00:00:00 UTC,1787.3035714285713,546536.39232249791,739.28099686282883
2013-04-06 00:00:00 UTC,1884.7083333333333,561843.04615768429,749.56190281902957
2013-04-13 00:00:00 UTC,1908.8095238095239,1022764.9934416878,1011.3184431432504
2013-04-20 00:00:00 UTC,1829.2559523809523,502798.10774878814,709.08258175531864
2013-04-27 00:00:00 UTC,1773.9404761904761,490405.33775306563,700.28946711561048
2013-05-04 00:00:00 UTC,1756.3690476190477,526967.14442543488,725.92502672482294
2013-05-11 00:00:00 UTC,1793.7738095238096,468813.00242372404,684.69920580041867
2013-05-18 00:00:00 UTC,1811.375,510610.28368263465,714.56999914818323
2013-05-25 00:00:00 UTC,1799.7142857142858,465192.69632164249,682.0503620126907
2013-06-01 00:00:00 UTC,1858.0595238095239,466843.18206444272,683.259234891445
2013-06-08 00:00:00 UTC,1807.3333333333333,519573.49301397213,720.81446504213
2013-06-15 00:00:00 UTC,1827.6607142857142,607470.27341745084,779.40379356111089
2013-06-22 00:00:00 UTC,1870.7857142857142,582380.06159110367,763.13829781442871
2013-06-29 00:00:00 UTC,1753.0833333333333,442457.31037924188,665.17464652468664
2013-07-06 00:00:00 UTC,1877.1607142857142,565845.00994439656,752.22670116421455
2013-07-13 00:00:00 UTC,2048.8452380952381,781886.28728257748,884.24334166708741
2013-07-20 00:00:00 UTC,2105.3273809523807,627793.04786854878,792.33392447158838
2013-07-27 00:00:00 UTC,2158.6011904761904,594365.57053749636,770.951081805776
2013-08-03 00:00:00 UTC,2162.2023809523807,655729.76717992639,809.771428972353
2013-08-10 00:00:00 UTC,2184.5595238095239,581020.18805246626,762.24680258592514
2013-08-17 00:00:00 UTC,2241.9821428571427,763493.7182420867,873.78127597361959
2013-08-24 00:00:00 UTC,2237.3511904761904,629400.15736384445,793.3474379890846
2013-08-31 00:00:00 UTC,2217.0059523809523,941752.96403621288,970.43957258358591
2013-09-07 00:00:00 UTC,2271.5,658937.38922155672,811.74958529189087
2013-09-14 00:00:00 UTC,2328.8928571428573,921018.20402053022,959.69693342248945
2013-09-21 00:00:00 UTC,2282.4166666666665,675540.3283433133,821.91260383529425
2013-09-28 00:00:00 UTC,2605.2559523809523,1083146.0957727395,1040.7430498315805
2013-10-05 00:00:00 UTC,3581.1130952380954,2443724.8434203,1563.2417738214074
2013-10-12 00:00:00 UTC,2963.8392857142858,1213232.3512617627,1101.468270655929
2013-10-19 00:00:00 UTC,2539.8273809523807,915816.3951739379,956.98296493403575
2013-10-26 00:00:00 UTC,2483.7678571428573,891252.8739307099,944.06190153543957
2013-11-02 00:00:00 UTC,2554.2678571428573,910459.57452951244,954.18005351689908
2013-11-09 00:00:00 UTC,2589.0416666666665,807141.54915169673,898.41056825467979
2013-11-16 00:00:00 UTC,2586.5357142857142,791080.99272882834,889.42733976915076
2013-11-23 00:00:00 UTC,2445.5833333333335,655803.38223552855,809.81688191561466
2013-11-30 00:00:00 UTC,2803.3511904761904,1771639.8579626475,1331.0296232475998
2013-12-07 00:00:00 UTC,2642.2797619047619,745899.19671371591,863.65455867129879
2013-12-14 00:00:00 UTC,2565.2976190476193,786747.132449387,886.98767322290735
2013-12-21 00:00:00 UTC,1723.1607142857142,229491.2135372113,479.05241209831235
2013-12-28 00:00:00 UTC,1958.6666666666667,502995.39720558887,709.2216841056038
2014-01-04 00:00:00 UTC,2645.0178571428573,847169.8859067579,920.41832114900774
2014-01-11 00:00:00 UTC,2748.3392857142858,964239.05186056427,981.95674643059726
2014-01-18 00:00:00 UTC,2801.375,846748.2357784434,920.1892391125009
2014-01-25 00:00:00 UTC,3045.6845238095239,1629491.2352081551,1276.5152702604678
2014-02-01 00:00:00 UTC,2862.5238095238096,1063232.4066153406,1031.1316145940539
2014-02-08 00:00:00 UTC,3111.6309523809523,1317822.5935272314,1147.9645436716378
2014-02-15 00:00:00 UTC,3067.5,1016020.0958083833,1007.9782218919133
2014-02-22 00:00:00 UTC,3117.0833333333335,1032899.5499001999,1016.3166582813645
2014-03-01 00:00:00 UTC,3175.7261904761904,1286209.1221842037,1134.1116004098556
2014-03-08 00:00:00 UTC,3092.6130952380954,1266490.130845452,1125.384436912761
2014-03-15 00:00:00 UTC,3183.8392857142858,1453553.3692258333,1205.6340113093331
2014-03-22 00:00:00 UTC,3179.8273809523807,1320939.1496649561,1149.3211690667479
2014-03-29 00:00:00 UTC,3099.1190476190477,1146827.8659823211,1070.9004930348669
2014-04-05 00:00:00 UTC,3085.8809523809523,1174891.279155975,1083.9240190880425
2014-04-12 00:00:00 UTC,3144.0892857142858,1260412.6087467917,1122.6809915317849
2014-04-19 00:00:00 UTC,3081.9285714285716,1219418.4739093236,1104.2728258493566
2014-04-26 00:00:00 UTC,3143.8511904761904,1252692.3310165389,1119.2373881427206
2014-05-03 00:00:00 UTC,3137.2142857142858,1218314.9717707455,1103.7730617163772
2014-05-10 00:00:00 UTC,3209.3154761904761,1278528.7322141433,1130.7204483045946
2014-05-17 00:00:00 UTC,3281.6130952380954,1505851.9152765905,1227.1315802621129
2014-05-24 00:00:00 UTC,3124.3392857142858,1304656.2614414031,1142.2155056911997
2014-05-31 00:00:00 UTC,3137.8035714285716,1246459.1408254923,1116.4493453916718
2014-06-07 00:00:00 UTC,3091,1347914.5149700595,1160.9972071327559
2014-06-14 00:00:00 UTC,3098.4880952380954,1347359.1375819789,1160.7580013000036
2014-06-21 00:00:00 UTC,3075.1666666666665,1273379.0499001993,1128.4409820190861
2014-06-28 00:00:00 UTC,2958.7678571428573,1170169.3409965772,1081.7436577103547
2014-07-05 00:00:00 UTC,3067.3392857142858,1258130.0818006841,1121.6639790064955
2014-07-12 00:00:00 UTC,3086.5,1207425.3652694612,1098.8290882887388
2014-07-19 00:00:00 UTC,3126.0654761904761,1283614.6244297116,1132.9671771193159
2014-07-26 00:00:00 UTC,3200.8273809523807,1349578.4071499852,1161.7135650193577
2014-08-02 00:00:00 UTC,3197.2083333333335,1359524.2856786421,1165.9864002974657
2014-08-09 00:00:00 UTC,3295.3095238095239,1383086.6700883948,1176.0470526677045
2014-08-16 00:00:00 UTC,3343.5059523809523,1317992.7903835187,1148.0386711184944
2014-08-23 00:00:00 UTC,3364.6666666666665,1264635.3612774462,1124.5600745524653
2014-08-30 00:00:00 UTC,3996.0535714285716,46287519.59591531,6803.4931907010323
2014-09-06 00:00:00 UTC,3400.2380952380954,1248012.1585400635,1117.1446453078775
2014-09-13 00:00:00 UTC,3455.0238095238096,1247698.4664955789,1117.0042374564114
2014-09-20 00:00:00 UTC,3386.7678571428573,1404355.796086398,1185.0551869370463
2014-09-27 00:00:00 UTC,3454.4821428571427,1448437.4128528649,1203.5104539856998
2014-10-04 00:00:00 UTC,3405.7023809523807,1641043.0605930993,1281.0320294953983
2014-10-11 00:00:00 UTC,3489.9285714285716,1425493.3122326774,1193.9402465084579
2014-10-18 00:00:00 UTC,3676.3690476190477,1767251.3959224399,1329.3800795567986
2014-10-25 00:00:00 UTC,3644.6011904761904,1738913.4986812088,1318.6786942546728
2014-11-01 00:00:00 UTC,3623.9285714285716,1406478.6894781855,1185.9505425936554
2014-11-08 00:00:00 UTC,3671.2738095238096,1560716.3197889936,1249.2863241823284
2014-11-15 00:00:00 UTC,3806.3690476190477,1442288.0665811223,1200.9529826688147
2014-11-22 00:00:00 UTC,3614.0952380952381,1336545.2603364703,1156.0905069831126
2014-11-29 00:00:00 UTC,3743,1595570.6826347311,1263.159009244177
2014-12-06 00:00:00 UTC,3876.0357142857142,1518729.3879384082,1232.3673916241082
2014-12-13 00:00:00 UTC,3627.6428571428573,1501008.5543199312,1225.1565427813423
2014-12-20 00:00:00 UTC,2570.1904761904761,685618.39463929262,828.02076944922862
2014-12-27 00:00:00 UTC,2625.5357142857142,672264.88494439656,819.91760863174329
2015-01-03 00:00:00 UTC,3616.8095238095239,1346241.0173937827,1160.27626770256
2015-01-10 00:00:00 UTC,3865,1702461.25748503,1304.7839888215328
2015-01-17 00:00:00 UTC,3895.3452380952381,1563897.5567436563,1250.5588977507841
2015-01-24 00:00:00 UTC,4079.1845238095239,1470871.2411961786,1212.794805890996
2015-01-31 00:00:00 UTC,4122.4702380952385,1664766.6937197037,1290.2583825419247
2015-02-07 00:00:00 UTC,4218.958333333333,1720484.8904690626,1311.6725545916795
2015-02-14 00:00:00 UTC,4143.7202380952385,2100255.0290490454,1449.2256653292632
2015-02-21 00:00:00 UTC,4451.6130952380954,2299470.5739592249,1516.4005321679444
2015-02-28 00:00:00 UTC,4985.1309523809523,14246018.210293699,3774.3897798576259
2015-03-07 00:00:00 UTC,4535.8869047619046,2182238.4362346707,1477.2401416948669
2015-03-14 00:00:00 UTC,4533.9880952380954,2512055.8441688051,1584.9466376407772
2015-03-21 00:00:00 UTC,4523.5773809523807,2867653.0358924987,1693.414608385229
2015-03-28 00:00:00 UTC,4333.1547619047615,1903109.9280011405,1379.5325034232214
2015-04-04 00:00:00 UTC,4477.083333333333,7263659.4061876237,2695.1176980212986
2015-04-11 00:00:00 UTC,4403.8809523809523,2060417.7462218429,1435.415530855732
2015-04-18 00:00:00 UTC,4466.9940476190477,2107019.2514613629,1451.5575260599778
2015-04-25 00:00:00 UTC,4895.8690476190477,20977109.611491296,4580.0774678482567
2015-05-02 00:00:00 UTC,4403.9285714285716,2209588.390076987,1486.4684288867311
2015-05-09 00:00:00 UTC,4436.6726190476193,2238207.862239806,1496.0641237058678
2015-05-16 00:00:00 UTC,4424.2440476190477,2316517.8502637558,1522.0111202825542
2015-05-23 00:00:00 UTC,4241.2440476190477,2017215.574814657,1420.2871451979902
2015-05-30 00:00:00 UTC,4416.291666666667,2103545.920409183,1450.3606173669991
2015-06-06 00:00:00 UTC,4301.8273809523807,2186593.688587111,1478.7135248543279
2015-06-13 00:00:00 UTC,4521.0297619047615,6695621.2745580273,2587.5898582576851
2015-06-20 00:00:00 UTC,4241.6964285714284,2262249.9252566327,1504.0777656945245
2015-06-27 00:00:00 UTC,4127.3392857142853,1860498.1776090674,1364.0007982435595
2015-07-04 00:00:00 UTC,4321.8273809523807,2644732.2754134596,1626.2632860067461
2015-07-11 00:00:00 UTC,4376.291666666667,2225925.5371756474,1491.9535975276333
2015-07-18 00:00:00 UTC,4339.9404761904761,2166474.0203877948,1471.8947042461275
2015-07-25 00:00:00 UTC,4409.0773809523807,2091863.5328984857,1446.327602204454
2015-08-01 00:00:00 UTC,4247.6904761904761,2315232.7658967781,1521.5888951674096
2015-08-08 00:00:00 UTC,4289.3690476190477,2057686.4737667532,1434.4638279743249
2015-08-15 00:00:00 UTC,4659.9107142857147,5533042.5129384091,2352.2420183600175
2015-08-22 00:00:00 UTC,4485.2559523809523,2069226.263437411,1438.4805398188087
2015-08-29 00:00:00 UTC,4403.9523809523807,2154226.7043056749,1467.7284163991903
2015-09-05 00:00:00 UTC,4442.833333333333,2182177.1337325349,1477.2193925522827
2015-09-12 00:00:00 UTC,4638.625,2493508.2357784407,1579.0846195750376
2015-09-19 00:00:00 UTC,4705.6904761904761,2936337.4485315052,1713.5744654176851
2015-09-26 00:00:00 UTC,4532.666666666667,2364361.2175648706,1537.6479498132433
2015-10-03 00:00:00 UTC,4505.8988095238092,2362655.8519746223,1537.0933127089656
2015-10-10 00:00:00 UTC,4674.4404761904761,2140621.2778728264,1463.0862168282588
2015-10-17 00:00:00 UTC,4831.4107142857147,2688323.8482677517,1639.6108831877616
2015-10-24 00:00:00 UTC,4821.1011904761908,2733623.6483818069,1653.3673664318546
2015-10-31 00:00:00 UTC,4782.3988095238092,2475945.702274024,1573.5138074621475
2015-11-07 00:00:00 UTC,4866.458333333333,2234204.23777445,1494.7254723776034
2015-11-14 00:00:00 UTC,4896.9107142857147,2378351.0279084696,1542.19033452699
2015-11-21 00:00:00 UTC,4592.8869047619046,2175500.8553963513,1474.9579164831623
2015-11-28 00:00:00 UTC,4894.166666666667,2303802.0678642718,1517.8280758584854
2015-12-05 00:00:00 UTC,4982.0238095238092,2246485.6641003685,1498.8280969145089
2015-12-12 00:00:00 UTC,4778.041666666667,2067133.2497504989,1437.7528472413119
2015-12-19 00:00:00 UTC,3726.7261904761904,1503044.1042201309,1225.9869918641596
2015-12-26 00:00:00 UTC,3335.4940476190477,923640.91014399775,961.0623861872848
2016-01-02 00:00:00 UTC,4787.5476190476193,9242078.8599942978,3040.0787588472604
2016-01-09 00:00:00 UTC,5003.1726190476193,4548537.98798831,2132.7301723350542
2016-01-16 00:00:00 UTC,4862.458333333333,2220325.3395708581,1490.0756153869702
2016-01-23 00:00:00 UTC,5128.1011904761908,2490775.0256273188,1578.2189409671014
2016-01-30 00:00:00 UTC,5138.5476190476193,2215647.7821499878,1488.505217374124
2016-02-06 00:00:00 UTC,5027.458333333333,2938304.5491516953,1714.1483451416027
2016-02-13 00:00:00 UTC,5209.5059523809523,2344914.9820002876,1531.3115234988234
2016-02-20 00:00:00 UTC,5329.125,2144107.978293411,1464.2772887310009
2016-02-27 00:00:00 UTC,5255.2023809523807,5562202.521670945,2358.4322168913282
2016-03-05 00:00:00 UTC,5143.7738095238092,2207340.6191901909,1485.7121589292426
2016-03-12 00:00:00 UTC,4957.0476190476193,2510456.8599942969,1584.4421289508484
2016-03-19 00:00:00 UTC,4819.9226190476193,2387459.2334972895,1545.1405222494457
2016-03-26 00:00:00 UTC,4749.3095238095239,2337309.4605075582,1528.8261707949528
2016-04-02 00:00:00 UTC,4903.6726190476193,2422317.251461362,1556.3795332313266
2016-04-09 00:00:00 UTC,5045.6488095238092,2456715.6064656409,1567.3913380089994
2016-04-16 00:00:00 UTC,5066.8035714285716,2508952.0510051306,1583.9671874774208
2016-04-23 00:00:00 UTC,4969.2440476190477,2449390.3053535786,1565.0528123209065
2016-04-30 00:00:00 UTC,4762.5535714285716,2805398.9072925579,1674.9325082798284
2016-05-07 00:00:00 UTC,4788.7797619047615,2505902.9512047344,1583.0044065651664
2016-05-14 00:00:00 UTC,4866.7023809523807,3105754.4258625582,1762.3150756497994
2016-05-21 00:00:00 UTC,4708.75,2278043.0988023952,1509.318753213646
2016-05-28 00:00:00 UTC,4552.1488095238092,2399271.9956871988,1548.9583582805571
2016-06-04 00:00:00 UTC,4587.5297619047615,2364313.5679711984,1537.6324554233363
2016-06-11 00:00:00 UTC,4555.6309523809523,2279302.2342457953,1509.735816043918
2016-06-18 00:00:00 UTC,4479.0595238095239,2305162.9664955814,1518.2763142773392
2016-06-25 00:00:00 UTC,4276.2738095238092,1941465.4215853994,1393.3647841055117
2016-07-02 00:00:00 UTC,4010.8809523809523,1856242.6324493871,1362.4399555391008
2016-07-09 00:00:00 UTC,4128.7380952380954,1898817.6196179071,1377.975914019511
2016-07-16 00:00:00 UTC,4092.7083333333335,1753318.1240019964,1324.1291946037579
2016-07-23 00:00:00 UTC,3866.6309523809523,1580127.6593954954,1257.0312881529621
2016-07-30 00:00:00 UTC,3628.7678571428573,1634677.5326133461,1278.5450843100318
2016-08-06 00:00:00 UTC,3917.2142857142858,1784447.486740804,1335.8321326951243
2016-08-13 00:00:00 UTC,3943.6547619047619,1909122.9100370682,1381.7101396592082
2016-08-20 00:00:00 UTC,4178.3214285714284,1873844.8062446532,1368.8845116534314
2016-08-27 00:00:00 UTC,4165.6785714285716,2129407.6685201032,1459.2490084012745
2016-09-03 00:00:00 UTC,4136.8988095238092,2485418.4867051612,1576.5210073783226
2016-09-10 00:00:00 UTC,4132.1130952380954,1867569.8254562314,1366.5905844312815
2016-09-17 00:00:00 UTC,5199.7678571428569,16833859.987703171,4102.9087228091212
2016-09-24 00:00:00 UTC,4150.4761904761908,2257132.0353578543,1502.3754641759344
2016-10-01 00:00:00 UTC,3985.5416666666665,1933329.1599301382,1390.4420735615483
2016-10-08 00:00:00 UTC,4167.2678571428569,1738227.6583618475,1318.4186203030688
2016-10-15 00:00:00 UTC,4335.416666666667,1919156.5798403188,1385.3362695895603
2016-10-22 00:00:00 UTC,4446.5535714285716,1936878.6917236941,1391.717892291284
2016-10-29 00:00:00 UTC,4298.1547619047615,2002565.9160250921,1415.1204598991183
2016-11-05 00:00:00 UTC,4262.833333333333,1828045.3972055884,1352.0522908547541
2016-11-12 00:00:00 UTC,4394.5119047619046,1913729.3172226977,1383.3760577741316
2016-11-19 00:00:00 UTC,4143.8452380952385,1671109.0537496433,1292.713832891736
2016-11-26 00:00:00 UTC,4356.916666666667,1759004.35229541,1326.2746142090671
2016-12-03 00:00:00 UTC,4310.7738095238092,1931206.2599087537,1389.6784735717661
2016-12-10 00:00:00 UTC,4439.8154761904761,1845745.0376033667,1358.5819951712031
2016-12-17 00:00:00 UTC,4000.2380952380954,1464598.8411747925,1210.2061151617077
2016-12-24 00:00:00 UTC,3057.4285714285716,731890.11462788645,855.50576539722192
2016-12-31 00:00:00 UTC,3111.8392857142858,973095.14168092376,986.4558488249354
2017-01-07 00:00:00 UTC,3168.5119047619046,1110304.4908753925,1053.7098703511288
2017-01-14 00:00:00 UTC,2846.2738095238096,845148.58326204726,919.3196306302
2017-01-21 00:00:00 UTC,2694.8392857142858,803762.35126176209,896.5279422649146
2017-01-28 00:00:00 UTC,2489.6130952380954,820374.88533647032,905.74548595975364
2017-02-04 00:00:00 UTC,2515.0059523809523,698701.75445537514,835.883816361685
2017-02-11 00:00:00 UTC,1597.3373493975903,1156330.9885359618,1075.3283166251886
2017-02-18 00:00:00 UTC,5.5,2.8200000000000003,1.6792855623746665
